{"distortion": [0.12384276539059258, -0.5976604029439634, -0.016983439688854806, 0.006492753431009216, 2.092717806628529], "intrinsic": [[1139.6827764334485, 0.0, 651.4075024163524], [0.0, 1145.2626313889862, 325.4425332729648], [0.0, 0.0, 1.0]]}